{"loss": [0.009298932738602161], "accuracy": [0.9963938593864441], "f1": [0.4069434404373169], "iou": [0.1651517152786255], "val_loss": [0.008011523634195328], "val_accuracy": [0.9970297813415527], "val_f1": [0.4074823260307312], "val_iou": [0.15240128338336945]}